slug,category,age_days,critical_count,recommended_count,priority_score,word_count,target_word_count,internal_links
tiktok-brand-deal-rates-2026,calculators/brand-deal-rate,-3,3,2,94,1643,3000,0
tiktok-pay-us-earnings,data/earnings,0,3,1,88,171,2500,0
tiktok-pay-uk-earnings,data/earnings,0,3,1,85,175,2500,0
tiktok-pay-canada-earnings,data/earnings,0,3,1,82,157,2000,0
tiktok-pay-india-earnings,data/earnings,0,3,1,81,150,2000,0
tiktok-pay-australia-earnings,data/earnings,0,3,1,80,150,2000,0
tiktok-pay-germany-earnings,data/earnings,0,3,1,79,150,2000,0
tiktok-pay-brazil-earnings,data/earnings,0,3,1,78,150,2000,0
tiktok-photo-carousel-engagement,guides/growth,0,3,1,78,158,2000,0
tiktok-pay-france-earnings,data/earnings,0,3,1,77,150,2000,0
content-repurposing-roi-analysis,guides/growth,0,3,1,77,176,2500,0
tiktok-pay-indonesia-earnings,data/earnings,0,3,1,76,150,2000,0
tiktok-pay-nigeria-earnings,data/earnings,0,3,1,76,148,2000,0
tiktok-pay-philippines-earnings,data/earnings,0,3,1,76,157,2000,0
tiktok-pay-mexico-earnings,data/earnings,0,3,1,75,150,2000,0
complete-tiktok-calculator-guide,guides,0,3,1,70,0,0,0
tiktok-sponsorship-rates-followers,calculators/brand-deal-rate,-3,2,2,95,1458,2500,0
creator-rewards-vs-creator-fund,calculators/tiktok-creator-fund,-3,2,2,95,1561,2500,0
tiktok-earnings-by-country,calculators/tiktok-money,-3,2,2,95,1641,3000,0
engagement-rate-by-followers,calculators/engagement-rate,-3,2,2,94,1333,2500,0
coins-to-dollars-chart,calculators/coins,-3,2,2,93,1163,2000,0
tiktok-shop-commission-rates,calculators/commerce-ads/shop-profit,-3,2,2,92,1319,2000,0
tiktok-pay-per-1000-views,calculators/tiktok-money,-3,2,1,98,615,2500,0
tiktok-rpm-by-country,calculators/rpm,-3,2,1,92,2111,2500,0
tiktok-coin-prices-by-country,calculators/coins,0,2,1,88,905,2000,6
tiktok-audience-demographics-analysis,guides/growth,0,2,1,80,212,2000,0
international-creator-tax-implications,guides/business,0,2,1,79,186,2500,0
tiktok-ab-testing-content,guides/growth,0,2,1,79,184,2500,0
tiktok-intellectual-property-protection,guides/business,0,2,1,77,193,2000,0
when-to-hire-manager-tiktok,guides/business,0,2,1,76,200,2000,0
tiktok-course-creation-guide,guides/monetization,0,2,1,76,232,2500,0
tiktok-merch-strategies,guides/monetization,0,2,1,75,197,2000,0
tiktok-creator-insurance,guides/business,0,2,1,74,151,1500,0
tiktok-consulting-creator,guides/monetization,0,2,1,74,171,2000,0
tiktok-exit-strategies,guides/business,0,2,1,73,232,2000,0
creator-fund-rates-by-country,data,0,2,1,70,270,0,6
tiktok-live-earnings-per-hour,calculators/earnings-revenue/live-earnings,-3,1,2,94,1671,2500,0
creator-fund-pay-per-view,calculators/tiktok-creator-fund,-3,1,2,94,1251,2000,0
tiktok-shop-affiliate-earnings,calculators/commerce-ads/shop-profit,-3,1,2,93,1603,2500,0
increase-engagement-rate,calculators/engagement-rate,-3,1,2,93,1789,2500,0
what-is-tiktok-rpm,calculators/rpm,-3,1,2,93,1456,2000,0
best-times-go-live-tiktok,calculators/earnings-revenue/live-earnings,-3,1,2,91,1437,2000,0
tiktok-seo-search-ranking,guides/growth,0,1,2,91,1840,2500,10
top-tiktok-creators-income,data/earnings,0,1,2,90,2220,3000,16
avg-engagement-rate-follower-count-2026,data/engagement,0,1,2,90,1821,2500,13
tiktok-creator-taxes-guide,guides/business,0,1,2,90,2361,3000,7
tiktok-creator-income-distribution,data/earnings,0,1,2,89,1852,2500,12
tiktok-vs-youtube-shorts-2026,data/platform-comparisons,0,1,2,88,1552,2500,11
tiktok-creator-economy-size,data/earnings,0,1,2,86,1804,2500,7
diversify-tiktok-income-streams,guides/monetization,0,1,2,86,1622,2500,17
tiktok-creators-quit-jobs-income,blog,0,1,2,85,1867,2500,12
tiktok-creator-fund-worth-it-2026,blog,0,1,2,84,1506,2000,10
tiktok-new-features-2026,blog,0,1,2,82,1440,2000,8
how-to-make-money-tiktok,guides/monetization,-3,1,1,99,3970,4000,0
good-tiktok-engagement-rate,calculators/engagement-rate,-3,1,1,97,2380,2500,0
tiktok-coin-value-usd,calculators/coins,-3,1,1,96,2068,2000,0
tiktok-pay-per-million-views,calculators/tiktok-money,-3,1,1,96,2497,2500,0
creator-fund-eligibility-2026,calculators/tiktok-creator-fund,0,1,1,91,1853,2000,8
tiktok-money-10k-followers,calculators/tiktok-money,0,1,1,91,2336,2000,19
how-tiktok-money-calculator-works,calculators/tiktok-money,0,1,1,90,2136,2000,19
most-expensive-tiktok-gifts,calculators/coins,0,1,1,89,956,2000,6
algorithm-engagement-rate,calculators/engagement-rate,0,1,1,89,1986,2000,8
tiktok-ban-status-2026,blog,0,1,1,88,1657,2000,10
tiktok-shop-seller-fees,calculators/commerce-ads/shop-profit,0,1,1,88,1710,2000,7
khaby-lame-tiktok-earnings,blog,0,1,1,87,1686,2000,12
creator-rewards-payout-update-2026,blog,0,1,1,86,1218,1500,12
completion-rate-by-video-length,data/engagement,0,1,1,86,1629,2000,9
ftc-disclosure-tiktok,guides/business,0,1,1,86,1952,2000,7
short-vs-long-tiktok-videos,guides/growth,0,1,1,86,1662,2000,15
tiktok-algorithm-update-march-2026,blog,0,1,1,85,1775,2000,9
seasonal-tiktok-rpm,calculators/rpm,0,1,1,85,1756,2000,8
seasonal-tiktok-earnings-trends,data/earnings,0,1,1,85,1656,2000,11
tiktok-shop-gmv-growth,data/earnings,0,1,1,85,1707,2000,9
tiktok-community-guidelines-strikes,guides/business,0,1,1,85,1794,2000,11
q1-2026-tiktok-rpm-report,blog,0,1,1,84,1601,2000,12
tiktok-earnings-growth-timeline,data/earnings,0,1,1,84,1952,2000,13
tiktok-save-rate-benchmarks,data/engagement,0,1,1,84,1633,2000,10
tiktok-copyright-fair-use,guides/business,0,1,1,84,1948,2000,7
tiktok-shop-expansion-2026,blog,0,1,1,83,1257,1500,8
tiktok-video-length-limits,data/reference,0,1,1,83,1493,1500,12
tiktok-share-rate-benchmarks,data/engagement,0,1,1,82,1736,2000,7
tiktok-creator-equipment-guide,calculators/production-cost,0,1,1,81,2184,2500,12
spring-2026-tiktok-trends,blog,0,1,1,80,1676,1500,9
tiktok-holiday-strategy-q2,blog,0,1,1,79,1239,1500,10
tiktok-analytics-api-creators,guides/growth,0,1,1,78,1996,2500,13
how-tiktok-creator-rewards-work-2026,blog,0,1,1,70,1481,0,9
brand-deal-rates-by-followers,data,0,1,1,70,689,0,3
brand-deal-rates-by-niche,data,0,1,1,70,499,0,6
rpm-rates-by-niche,data,0,1,1,70,732,0,3
how-creator-fund-works,guides,0,1,1,70,655,0,6
tiktok-creator-marketplace,guides,0,1,1,70,607,0,5
tiktok-creator-burnout-guide,guides/business,0,1,0,82,2149,2500,9
content-strategy-2025,guides,0,1,0,70,1223,0,4
creator-rewards-program,guides,0,1,0,70,3002,0,10
how-to-make-money-on-tiktok,guides,0,1,0,70,1239,0,23
tiktok-creator-fund,guides,0,1,0,70,909,0,12
engagement-rate-by-niche,calculators/engagement-rate,0,0,2,93,1975,2500,10
seven-ways-make-money-tiktok,guides/monetization,0,0,2,93,2100,3000,22
monetization-requirements-checklist,guides/monetization,0,0,2,92,1644,2500,13
average-tiktok-earnings-per-views,data/earnings,0,0,2,91,1949,2500,12
first-1000-dollars-tiktok,guides/monetization,0,0,2,91,1864,2500,14
best-posting-times-tiktok,guides/growth,0,0,2,90,1661,2500,8
get-on-fyp-consistently,guides/growth,0,0,2,90,1715,2500,13
maximize-creator-fund-rpm,calculators/tiktok-creator-fund,0,0,2,89,1016,2000,6
tiktok-vs-instagram-reels-2026,data/platform-comparisons,0,0,2,89,1527,2500,9
micro-influencers-make-money-tiktok,guides/monetization,0,0,2,89,1547,2500,13
get-more-viewers-tiktok-live,calculators/earnings-revenue/live-earnings,0,0,2,88,1139,2000,6
tiktok-vs-youtube-rpm-by-niche,data/earnings,0,0,2,88,1627,2500,10
tiktok-analytics-guide,guides/growth,0,0,2,88,1617,2500,14
tiktok-hashtag-strategy-2026,guides/growth,0,0,2,88,1760,2500,11
tiktok-monetization-by-country,guides/monetization,0,0,2,88,1661,2500,12
charli-damelio-tiktok-earnings,blog,0,0,2,87,1572,2000,13
creator-fund-payment-schedule,calculators/tiktok-creator-fund,0,0,2,87,785,1500,5
creator-monetization-platforms-2026,data/platform-comparisons,0,0,2,87,2340,3000,18
best-tiktok-niches-money-2026,blog,0,0,2,86,1864,2500,15
tiktok-live-battles,calculators/earnings-revenue/live-earnings,0,0,2,86,1206,2000,5
tiktok-vs-instagram-brand-deal-rates,data/platform-comparisons,0,0,2,86,1951,2500,12
follower-milestones-unlocks,calculators/follower-growth,0,0,2,85,1409,2000,19
passive-income-tiktok-creators,guides/monetization,0,0,2,85,1771,2500,8
tiktok-advertising-rates-benchmarks,data/earnings,0,0,2,84,1532,2000,9
tiktok-content-pillars,guides/growth,0,0,2,84,1544,2000,15
selling-digital-products-tiktok,guides/monetization,0,0,2,84,1873,2500,7
video-performance-score,calculators/video-performance,0,0,2,83,1430,2000,13
repurpose-tiktok-content,guides/growth,0,0,2,83,1534,2000,10
food-cooking-tiktok-earnings,guides/niches,0,0,2,83,1550,2000,13
hashtag-performance-metrics,calculators/hashtag-performance,0,0,2,82,1595,2000,9
comedy-tiktok-earnings,guides/niches,0,0,2,82,1536,2000,16
education-tiktok-earnings,guides/niches,0,0,2,82,1538,2000,12
tiktok-spark-ads-update-2026,blog,0,0,2,81,1199,1500,6
financial-planning-tiktok-creators,guides/monetization,0,0,2,81,1941,2500,10
pivot-tiktok-niche,calculators/niche-profitability,0,0,2,80,1517,2000,18
tiktok-algorithm-explained,guides/growth,-3,0,1,97,4092,3500,3
how-to-go-viral-tiktok,calculators/viral-potential,0,0,1,92,2890,3000,7
tiktok-live-requirements,calculators/earnings-revenue/live-earnings,0,0,1,91,1982,2000,8
tiktok-money-100k-followers,calculators/tiktok-money,0,0,1,91,2234,2000,16
how-to-buy-tiktok-coins,calculators/coins,0,0,1,90,1922,2000,7
best-selling-tiktok-shop-products,calculators/commerce-ads/shop-profit,0,0,1,90,2159,2500,10
engagement-rate-brand-deals,calculators/engagement-rate,0,0,1,90,1685,2000,10
increase-tiktok-rpm,calculators/rpm,0,0,1,90,1737,2000,7
tiktok-money-1m-followers,calculators/tiktok-money,0,0,1,90,2286,2000,16
tiktok-media-kit,calculators/brand-deal-rate,0,0,1,89,2742,2500,11
tiktok-shadowban-fix,guides/growth,0,0,1,89,1615,2000,8
engagement-rate-dropping,calculators/engagement-rate,0,0,1,88,1859,2000,11
why-tiktok-earnings-low,calculators/tiktok-money,0,0,1,88,2493,2000,19
brand-deal-red-flags,calculators/brand-deal-rate,0,0,1,87,1972,2000,10
viral-tiktok-shop-products,calculators/commerce-ads/shop-profit,0,0,1,87,1803,2000,8
engagement-rate-vs-views,calculators/engagement-rate,0,0,1,87,1721,2000,10
brand-deal-contract-negotiate,guides/business,0,0,1,87,2176,2500,8
brands-calculate-influencer-roi,calculators/brand-deal-rate,0,0,1,86,1992,2000,9
tiktok-cpm-vs-rpm,calculators/rpm,0,0,1,86,1384,1500,6
tiktok-hook-strategies,calculators/watch-time,0,0,1,86,2252,2500,11
follower-growth-rate-normal,calculators/follower-growth,0,0,1,85,1794,2000,5
tiktok-likes-to-views-ratio,data/engagement,0,0,1,85,1900,2000,11
tiktok-vs-youtube-vs-twitch-live,data/platform-comparisons,0,0,1,85,2180,2500,13
llc-for-tiktok-creators,guides/business,0,0,1,85,1749,2000,7
tiktok-algorithm-changes-2026-roundup,blog,0,0,1,84,1726,2000,7
niche-profitability-evaluation,calculators/niche-profitability,0,0,1,84,1861,2000,8
watch-time-metrics-explained,calculators/watch-time,0,0,1,84,1769,2000,9
micro-vs-macro-engagement-rate,data/engagement,0,0,1,84,1732,2000,13
recover-tiktok-growth-plateau,guides/growth,0,0,1,84,1614,2000,12
tiktok-series-monetization,guides/monetization,0,0,1,84,1712,2000,7
tiktok-conversion-rate-optimization,calculators/conversion-rate,0,0,1,83,1742,2000,8
fulltime-vs-parttime-creator-earnings,data/earnings,0,0,1,83,1623,2000,11
posting-frequency-engagement-correlation,data/engagement,0,0,1,83,1747,2000,9
tiktok-sounds-music-distribution,guides/growth,0,0,1,83,1666,2000,13
tiktok-affiliate-without-shop,guides/monetization,0,0,1,83,1616,2000,7
gaming-tiktok-monetization,guides/niches,0,0,1,83,1650,2000,15
tech-tiktok-earnings,guides/niches,0,0,1,83,1996,2000,17
tiktok-business-vs-creator-account,data/reference,0,0,1,82,1582,1500,9
tiktok-batch-content-creation,guides/growth,0,0,1,82,1770,2000,11
get-paid-faster-tiktok,guides/monetization,0,0,1,82,1363,1500,10
fashion-tiktok-earnings,guides/niches,0,0,1,82,1629,2000,13
pet-tiktok-monetization,guides/niches,0,0,1,82,1862,2000,16
travel-tiktok-earnings,guides/niches,0,0,1,82,2000,2000,14
diy-crafts-tiktok-earnings,guides/niches,0,0,1,81,1639,2000,12
music-tiktok-monetization,guides/niches,0,0,1,81,1638,2000,12
asmr-tiktok-earnings,guides/niches,0,0,1,80,1691,2000,12
parenting-tiktok-earnings,guides/niches,0,0,1,80,1832,2000,14
brand-deal-rate-negotiation-tips,blog,0,0,1,70,1744,0,9
building-multiple-income-streams-tiktok,blog,0,0,1,70,1624,0,7
creator-fund-vs-live-gifts,blog,0,0,1,70,827,0,7
creator-tax-deductions-complete-guide,blog,0,0,1,70,1274,0,9
engagement-rate-what-brands-look-for,blog,0,0,1,70,1921,0,10
tiktok-algorithm-changes-2026,blog,0,0,1,70,1231,0,9
tiktok-live-streaming-earnings-guide,blog,0,0,1,70,1695,0,9
tiktok-shop-affiliate-beginners-guide,blog,0,0,1,70,1520,0,8
tiktok-vs-youtube-shorts-earnings-2026,blog,0,0,1,70,1260,0,8
understanding-tiktok-rpm-rates,blog,0,0,1,70,1704,0,9
beauty-creators-earnings,guides,0,0,1,70,325,0,4
calculating-true-influence-value,guides,0,0,1,70,984,0,9
finance-creators-earnings,guides,0,0,1,70,363,0,4
fitness-creators-earnings,guides,0,0,1,70,1199,0,10
how-much-to-charge-sponsorship,guides,0,0,1,70,1220,0,3
how-to-become-shop-affiliate,guides,0,0,1,70,551,0,5
how-to-get-1000-followers-live,guides,0,0,1,70,478,0,4
how-to-get-brand-deals-complete,guides,0,0,1,70,475,0,4
how-to-get-brand-deals,guides,0,0,1,70,936,0,4
how-to-go-viral,guides,0,0,1,70,1063,0,4
how-to-increase-creator-fund-earnings,guides,0,0,1,70,618,0,4
how-to-increase-engagement,guides,0,0,1,70,937,0,5
how-to-make-first-1000-dollars,guides,0,0,1,70,1261,0,7
how-to-negotiate-brand-deals,guides,0,0,1,70,889,0,5
how-to-price-brand-deals,guides,0,0,1,70,1470,0,11
how-to-qualify-for-tiktok-live,guides,0,0,1,70,858,0,6
increase-engagement-rate-tiktok,guides,0,0,1,70,918,0,12
live-gift-earnings-optimization,guides,0,0,1,70,1701,0,11
maximize-creator-fund-rpm,guides,0,0,1,70,889,0,4
multi-platform-attribution-creators,guides,0,0,1,70,1059,0,10
multi-platform-strategy,guides,0,0,1,70,1067,0,1
niche-selection,guides,0,0,1,70,1362,0,1
spark-ads-for-creators,guides,0,0,1,70,796,0,5
tiktok-algorithm-optimization,guides,0,0,1,70,1285,0,11
tiktok-live-earnings-expectations,guides,0,0,1,70,745,0,10
tiktok-live-earnings-guide,guides,0,0,1,70,377,0,6
tiktok-live-shopping,guides,0,0,1,70,1368,0,3
tiktok-monetization-requirements,guides,0,0,1,70,1435,0,5
tiktok-payment-delays,guides,0,0,1,70,886,0,8
tiktok-shop-success-strategies,guides,0,0,1,70,1421,0,6
why-tiktok-earnings-low,guides,0,0,1,70,1176,0,18
tiktok-subscription-recurring-revenue,guides/monetization,0,0,0,80,1761,2000,10
engagement-rates-by-niche,data,0,0,0,70,890,0,4
analytics-metrics-master-guide,guides,0,0,0,70,1106,0,10
best-times-go-live,guides,0,0,0,70,760,0,6
brand-deals,guides,0,0,0,70,2070,0,9
complete-tiktok-diamond-guide,guides,0,0,0,70,2030,0,5
creator-tax-strategy,guides,0,0,0,70,1408,0,5
hashtag-strategy,guides,0,0,0,70,1211,0,5
how-to-join-creator-fund-complete,guides,0,0,0,70,361,0,6
how-to-join-creator-fund,guides,0,0,0,70,643,0,5
influencer-rate-calculator-guide,guides,0,0,0,70,1564,0,5
tiktok-ad-budget-calculator-guide,guides,0,0,0,70,900,0,4
tiktok-algorithm-engagement,guides,0,0,0,70,998,0,3
tiktok-coin-converter-complete-guide,guides,0,0,0,70,1065,0,4
tiktok-coins,guides,0,0,0,70,3007,0,10
tiktok-diamonds,guides,0,0,0,70,1527,0,8
tiktok-engagement-rate-calculator-guide,guides,0,0,0,70,809,0,4
tiktok-gifts,guides,0,0,0,70,1483,0,14
tiktok-live,guides,0,0,0,70,954,0,5
tiktok-pay,guides,0,0,0,70,1352,0,15
tiktok-rpm-calculator-guide,guides,0,0,0,70,988,0,4
tiktok-shop-affiliate,guides,0,0,0,70,893,0,3
tiktok-shop,guides,0,0,0,70,1284,0,12
why-creator-fund-earnings-dropped,guides,0,0,0,70,1586,0,6